address,price
OԒUԂQT,3050000
I䒬RԂQVO,1990000
ZԒUԂPO,3930000
xmPڂWԂU,1480000
ikQڂUԂQU,2870000
͒QڂQԂQR,2540000
ԒPUԂR,2960000
蒬PڂPPԊO,13300000
ۂ̓QڂQԂPO,36800000
_cђQڂVԂPT,1160000
_c{PԂQO,2970000
O_cRڂSVԂU,2340000
O_cQڂXԂPO,1070000
_c쒬PڂPԂPO,5490000
_cO蒬RڂVԂWO,3120000
PڂPQԂUO,3780000
iQڂPԂQO,3130000
ѓcSڂPPԂW,4000000
ւPڂPPԊO,13900000
{QڂPVQԂR,999000
icQڂWPԂPO,8020000
ԒRԂS,4180000
_c_ےPڂQXԂRO,1450000
cQڂXԂPV,1440000
_cO蒬RڂTԂWO,1240000
ۂ̓RڂQԊO,26700000
ѓcRڂQTԂQO,3540000
蒬QڂSԂQO,28500000
_cPOPԊO,8710000
KPڂPԂX,18500000
b蒬QڂQԂQW,3760000
LyPڂPQԂQ,20900000
_cx͑QڂPԂSV,2200000
_c_ےQڂQԂPT,5230000
ikSڂWԂRVO,1960000
SڂSԂQ,6260000
蒬PڂRԂRO,26600000
_cQڂXԂPT,2540000
ikSڂQԂW,5810000
_ciQڂPXԂQT,1580000
_cyQڂSԂQ,1540000
_cRڂUԂQ,910000
͒PڂPԂU,2640000
O_cPڂTUԂQ,5270000
KQڂQQԂQ,13000000
O_cTڂTPԂRO,1060000
ԒPRԂW,2640000
_cђPڂUԂPO,5140000
_cђRڂPWԂRO,3480000
_cx͑RڂRԂPV,1390000
iSڂPPԂPOO,1100000
_cvԒRڂQSԂRO,1450000
KPڂSԊO,13900000
_cPڂRPԂU,4330000
LyPڂPSԂPUO,4320000
_cSVԂP,1820000
I䒬PԂSO,2890000
TڂVԂPO,1690000
ۂ̓PڂPԂPQO,24500000
_c_ےPڂQOԂU,715000
icQڂQVԂP,2390000
QڂPUPW,930000
ΒTQWԂQ,1600000
ǂRڂSPXԂP,1280000
RڂQTOR,1260000
ςRڂQQԂX,820000
ςRڂTԂPO,1950000
ςQڂQOWԂP,1230000
{lRڂRQԂQ,1200000
{FPOԂQ,1220000
CTڂPԂS,1030000
QڂQPRԂPS,2930000
UڂSԂPRO,31200000
PڂPT,7270000
RڂRԂP,16900000
PڂPԂPO,22100000
{vXԂQO,1860000
dFPڂPOTԂX,8010000
{RڂPPԂP,7700000
{l`PڂPXԂPW,2880000
znTڂQԂPPO,2400000
{PRRԊO,5350000
{`nPOQԂVO,2840000
ǂSڂQOP,1960000
VxPڂTԂP,2120000
{akPڂPUԂTO,2200000
{{SڂPTԂR,5550000
VPڂTԂPS,2200000
SڂPORԂPO,29500000
znQڂPQOSԂPQ,2040000
{l`QڂQPԂPO,1660000
VQڂPOPԂPOO,2100000
SڂQԂS,57200000
VڂPԂQO,42000000
{꒬QڂPOԂR,2100000
{x򒬂POԂPP,1420000
xPڂPOTԂT,4400000
QڂPORԂU,5720000
dFQڂPOԂPO,12800000
QڂQԂPXO,42600000
VPڂQOWԂS,1020000
RڂXPQ,1390000
DRڂPԂPO,2210000
PڂUԂPO,17000000
{l`PڂTԂTX,1160000
{QڂPԂPO,20600000
{n򒬂QڂRԂQO,1140000
{akQڂPRԂPT,996000
xSڂUԂT,2830000
{PڂPSԂU,2790000
{蒬QOԂRRO,1140000
TڂPORԂPU,49100000
znSڂQԂP,3630000
dFPڂPOTԂTR,21800000
TڂQOPԂSO,9030000
{SڂRԂT,2080000
{꒬RڂPUԂTO,2590000
znRڂPQOXԂUO,1200000
DRڂPTԂPO,1300000
{{RڂVԂTO,2700000
{RڂQԂRO,5840000
{{SڂXԂTO,7250000
CQڂPOV,1820000
WڂPOXԂV,15700000
ԍUڂPXPP,2570000
Z{؂TڂRUVԂP,2180000
RSڂRSQԊO,2470000
ԍPڂPSQSԂP,4340000
zPڂPԂPSV,1390000
SڂQVRԂPXU,972000
얃zTڂPWԂPV,1920000
QڂPWSԂT,1150000
ւPڂVOPԂUP,1340000
OcQڂROXԂPU,1530000
ԍWڂPROԊO,2020000
ւSڂROԂRORO,1240000
zQڂPRWԂXO,2430000
zRڂQSQԂROO,1740000
ԍSڂPPQQ,1250000
얃zSڂPQԂP,3230000
ŉYQڂPԂRR,1380000
RQڂQUԂRO,2100000
`RڂUԂV,1070000
얃zSڂXԂPWO,1400000
RSڂPXOԊO,1800000
얃zPڂQQTԂSWO,1610000
OcQڂRTԂP,1840000
ւQڂSTԂPV,1210000
Z{؂RڂQWԂP,1310000
zQڂPVԂPT,1390000
SڂSUWԂSXO,1390000
얃zPڂRTԂPO,2990000
RڂTTԂSO,3560000
VPڂPORԂS,12700000
Z{؂SڂPSԂS,9280000
łQڂSOPԂP,3140000
ւRڂSUUԂPT,4650000
VRڂQWԂPR,5000000
ԍSڂPSVԂPO,4980000
ԍQڂPROPԂTO,4500000
ՃmQڂPVԂQO,4250000
kRRڂPVXԊO,10000000
ւQڂPԂX,3490000
z\ԂQڂQOԂQO,3250000
őQڂQOPԂPO,2180000
łTڂQOQԂPO,4950000
QڂQԂPWR,2000000
őPڂROQԂVO,4640000
ՃmTڂPSԂPO,5570000
VPڂPQԂQO,10500000
VQڂRPPԂPV,1390000
ԍPڂTOVԂPO,2280000
RRڂRԂTO,3990000
ՃmSڂPPԂP,3130000
zRڂPXԂPU,2060000
ԍUڂPRPO,2900000
`QڂWԂUV,4810000
zQڂRQԂPUO,2110000
`QڂPUԂQO,10700000
lPڂPPTԂXO,1500000
lQڂPOVԂW,1620000
Z{؂SڂQOԂV,2160000
VUڂUQԂS,1600000
łTڂQԂPQQO,1890000
VQڂQWԂSO,9860000
VQڂWԂTO,10600000
łRڂRPԂSS,3380000
ԍQڂQOV,9040000
VPڂPOSԂUO,8090000
VUڂPVԂR,2620000
VRڂPQԂQ,1680000
ՃmPڂRT,9650000
VPڂROԂX,5700000
VPڂPTԂP,2820000
RQڂVVԂPO,12400000
RVڂQPSԊO,2390000
zRڂTԂXO,3000000
ԍQڂQPPXԂPO,1400000
z\ԂRڂVԂQO,2470000
C݂PڂQPԂXO,2440000
Z{؂VڂQPQԂQU,3420000
łSڂPOXԂPO,3150000
ԍQڂVOPԂP,2840000
OcSڂTRXԂSO,2000000
PڂRRXԂPRO,1890000
VQڂTXԂUO,3300000
vۂPڂQPXԂS,552000
sJQQ,998000
cQڂUTUԂU,940000
勞UԂW,845000
kVhSڂQQԂRO,680000
SڂUOSԂU,604000
SڂPUWOԂPRVO,560000
QڂSPVԂQP,933000
VhTڂSXWԂQ,710000
RTԂT,793000
RڂPTWԂU,587000
cߊTQRԂU,735000
VhUڂSRWԂU,771000
lJOhPTԂU,744000
kVhPڂRUQԂQU,618000
㗎PڂTPVԂW,550000
cnPڂPWQԂRQO,682000
ԏ鉺USԂQ,615000
v䒬RSԂTW,670000
sJVPR,1100000
쌳SԂSX,1180000
RQԂP,980000
cnSڂUXUԂPQO,677000
cQڂRTԂT,659000
xvTXԂQOW,668000
tPڂPXԂPW,850000
ZVԂPQ,825000
]TQԂW,705000
QڂQPTQԂPO,550000
̕꒬PڂTQԂWO,8500000
]QSԂS,1130000
VhQڂVWԂPO,5390000
VhVڂVRVԂPSO,6200000
VhPڂVԂR,18800000
cnQڂPSOԂPRO,2000000
lJOhXԂX,1330000
lJRڂPԂW,3830000
VhQڂU,12200000
cnPڂROQԂPT,3530000
_yQڂPQԂPW,2550000
RRRPԂW,1120000
ᏼPPOԂR,1400000
SlPڂPXRԂT,2160000
VhRڂTԂQO,18400000
RڂSWSԂT,921000
VhRڂPOVԂPS,17900000
̕꒬QڂSRWԂPP,1250000
MSԂW,1050000
vۂQڂPUԂWO,2280000
kVhPڂROOԂU,1350000
VhPڂRPԂQW,1530000
VhTڂPQVԂPOS,1200000
VhRڂROԂPRO,35200000
̕꒬QڂSQXԂPP,2000000
VhWڂPRXԂPV,918000
RڂPTTUԂPO,759000
勞RPԂPO,1350000
㗎QڂTQSԂPV,854000
VhRڂUԂPX,2540000
cnRڂRUOԂPQ,1240000
nꉺUQԂPVO,1620000
TQԂWO,1200000
lJ⒬QUԂQR,1850000
VhRڂWOVԂPO,36000000
sJyQڂVԂP,1340000
lJPڂXԂQO,5120000
VhPڂPQԂPV,7580000
_yRڂPԂPU,1300000
kVhPڂRTRԂUP,990000
VhSڂQWXԂPO,920000
cPڂSPOԂPUOO,873000
cnRڂPUPԂW,1280000
ZgPUԂTO,1100000
MZWԂPUO,2190000
_yUڂUS,1650000
VhSڂRVTԂQPO,2290000
VhQڂPOԂPRO,2370000
sJ{XԂPO,2240000
ʖ؂QڂVQԂQW,701000
ЂPڂPOԂQVQ,1080000
QڂSRԂU,740000
֌QڂWԂP,788000
{TڂQQԂPQ,870000
˂SڂSPԂPQUO,870000
RSڂRPOԂRQ,877000
{UڂQPR,1160000
ڔRڂSPԂPU,722000
ΐTڂPVԂPQ,887000
˂UڂPOVԂPX,646000
{PڂPOVԂP,1600000
{PڂQOS,1730000
ΐQڂPXԂPX,940000
uPڂPTQԂPQ,780000
֌QڂTVԂX,978000
ʖ؂RڂURTԂQX,980000
ΐRڂVXԂUV,761000
퐶QڂRԂUQ,924000
΂PڂQRPԂQ,783000
SڂQRԂSO,1010000
{RڂURԂPQ,742000
{QڂQOԂPO,872000
΂SڂRPTԂQT,875000
RڂSQOԂPO,3740000
QڂPQԂQ,1050000
tQڂPTRԂT,1450000
{QڂRԂPO,1540000
ΐPڂQԂTO,2300000
֌PڂTPSԂPP,920000
HQڂQOVԂSO,1420000
{QڂPUԂTO,1190000
ʖ؂RڂSQԂPT,1250000
ʖ؂TڂPOTԂPO,890000
΂SڂPSԂTW,1430000
ÂPڂROXԂQ,1280000
RڂQQԂPX,1060000
΂SڂSRԂU,859000
{RڂVORԂUO,1740000
RQڂPOVԂPP,1350000
ڔQڂVR,910000
yPڂSԂXWO,2810000
{PڂQRԂQQO,2210000
RPڂPRVԂUO,837000
{TڂPRUԂQO,970000
ʖ؂QڂPԂR,1040000
{UڂRVQԂQQ,1450000
QڂTWԂP,782000
ΐQڂROԂPSO,1510000
ЂQڂPSԂPO,1010000
΂QڂQOPԂQT,940000
rV[SڂQPXԂRP,736000
݂SڂUSԂR,539000
JQڂSX,780000
؂PڂPUԂU,800000
JUڂPPXԂP,688000
rV[PڂPSԂP,1640000
SڂRWԂTO,10200000
RڂVVԂP,1240000
QڂPTԂPO,3000000
󑐂PڂPUԂPSO,3730000
󑐂QڂUUԂQ,1360000
QڂSSԂTO,1970000
󑐋PڂQQԂQ,2420000
JRڂPPSԂU,817000
kQڂRPQԂS,983000
RڂPPTԂRO,898000
󑐂RڂPTԂPO,975000
VڂSUԂQO,1410000
OQڂWԂSO,1180000
PڂSUԂQ,1140000
䓌PڂQSԂQ,1020000
RڂQUOԂQO,524000
O؂QڂRԂTO,1020000
QڂPPԂQT,639000
UڂQPԂPO,2540000
SڂQPԂR,5570000
UڂUQԂPO,725000
󑐂QڂQSԂU,689000
QڂSVԂUO,1990000
VڂQWԂP,1720000
RڂWWԂRO,727000
PڂPTԂPR,1110000
󑐋RڂQXԂQ,703000
󑐂QڂTQԂPP,1060000
䓌QڂPRUԂUO,1330000
䓌QڂPXԂRO,660000
PڂQVԂP,1280000
䓌SڂRPԂPQO,3510000
{QڂPOXԂPV,380000
󑐂TڂVVԂPT,530000
󑐋RڂPOԂQO,925000
PڂWVԂPO,571000
kQڂSXԂQ,628000
˂PڂSԂQT,464000
󑐂RڂQԂPO,756000
󑐂RڂQVԂQR,770000
SڂPQԂV,700000
O؂PڂPԂRO,766000
PڂQVԂPO,928000
ORڂPWԂUO,556000
JQڂQUOԂPUO,645000
PڂTԂS,714000
䓌SڂPPUԂQ,722000
TڂQUԂP,940000
RڂPVԂTO,456000
ԂPڂPԂPRW,348000
TSڂQPԂQO,491000
΂PڂUԂV,576000
QڂPԂPRO,457000
LSڂPTԂPX,308000
SڂWԂQV,504000
ncSڂQTQԂR,312000
QڂQPQԂQV,330000
ԂTڂUOԂPO,324000
{QڂPSԂS,465000
]RڂVԂVO,1840000
RڂXԂU,650000
΂QڂRԂSO,698000
QڂQԂQO,933000
QڂTԂSXO,582000
`QڂQOԂX,506000
SڂPԂPVO,632000
ncQڂPPVWԂPO,367000
RڂPOԂPP,580000
юRڂQPԂR,844000
ƕQڂVԂW,646000
PڂQSԂW,910000
LPڂWXԂRP,388000
kTڂPRVԂQQ,359000
T˂RڂWSԂVP,336000
QڂQPQԂT,346000
zPڂROԂQ,531000
哇UڂTXVԂPV,389000
T˂TڂQOUԂU,410000
썻QڂSRԂQW,400000
CPڂPԂPR,447000
UڂTXԂT,351000
T˂SڂRRԂPR,425000
썻SڂQPVԂRP,396000
ΓPSԂQO,485000
QڂXԂV,565000
ÐΏPڂPTԂPV,539000
썻QڂXRWԂU,570000
؏RڂQOԂPR,527000
T˂XڂQOOԂRQ,486000
哇WڂQVQԂQV,393000
T˂XڂPQOԂPP,361000
LFSڂRԂPP,690000
lQڂSWRԂTP,563000
kPڂQPQԂQ,443000
T˂PڂQTԂPR,510000
xPڂRPԂSV,567000
썻QڂPTԂPT,414000
T˂VڂQQԂU,421000
kSڂPQRSԂT,354000
썻RڂPVUQԂQP,440000
PڂRUԂXO,792000
T˂UڂPVԂT,579000
RԂPR,570000
T˂TڂQ,1760000
XRڂQPԂUO,687000
VڂVXWԂUO,501000
ZgQڂQXԂT,735000
RڂXԂPRO,579000
T˂PڂWԂPSO,770000
RڂSԂPX,793000
LRڂPԂPUOO,1170000
kTڂQVOԂQ,512000
ORڂQԂT,601000
zRڂPPԂQO,680000
LFSڂPԂPQ,1100000
LFRڂPԂTS,1730000
LRڂPTԂPO,270000
_QڂXԂSQ,440000
QڂPSԂP,471000
CRڂPOԂP,560000
ܔcSڂWԂVW,910000
ˉzRڂWVWԂPVO,655000
̑TڂPQSTԂU,590000
RڂROOԂPT,1100000
iPڂQXXԂR,895000
VڂSVUXԂQS,580000
QڂQVOԂVO,1110000
QڂQTTԂT,641000
ܔcTڂUOԂQWW,1200000
kiTڂVPWԂTV,780000
iUڂPSRUԂQ,652000
iPڂQPWԂR,555000
SڂQPRԂPU,682000
LPڂPPRXԂPU,771000
iPڂPQQTԂS,590000
QڂPOUSԂP,610000
iSڂPR,789000
RTڂRVԂPT,679000
ܔcSڂTTQԂPO,842000
UڂPPOԂPOO,693000
kiPڂPQRԂSO,1240000
TڂSTSTԂS,670000
LUڂQQSԂT,610000
RVڂTOXԂPV,787000
TڂTWOTԂS,569000
iSڂSWWԂS,610000
tQڂTTWԂS,597000
`PڂTOUԂSO,714000
TڂPUԂP,1030000
ܔcTڂPUOԂPO,669000
ܔcPڂXQԂS,2070000
ܔcPڂQԂRO,5110000
RڂSPSXԂUO,985000
RڂUԂQO,1250000
QڂTUPԂP,3350000
tSڂSOPԂS,647000
UڂPԂV,2150000
RRڂPRVԂUO,1520000
ܔcPڂPWԂRO,1640000
˂QڂUUOԂQ,944000
PڂRSQԂP,2980000
QڂTVOԂP,1300000
ܔcQڂQXԂXO,2580000
PڂSSSԂUW,1410000
ܔcQڂSOPԂW,1950000
̑PڂPUPԂQR,845000
kiPڂXRԂSO,823000
RڂPOTԂQ,892000
ܔcQڂXԂP,1970000
RPڂPUUԂX,854000
PڂPOԂS,1960000
UڂVSWԂV,901000
RڂQXUԂPW,2170000
PڂPQVQԂPT,894000
iSڂTRSԂQO,658000
iQڂRԂPSO,1380000
TڂTOOԂQRO,1300000
QڂSSTԂRO,810000
`SڂPTVԂQO,1090000
QڂV,383000
`̖؍QڂPWXԂX,801000
PڂXUUԂTQ,616000
ڍRڂTRTԂQW,910000
ڍ{TڂPOTԂP,631000
PڂPVVԂW,844000
RuQڂPQRԂW,1100000
tQڂTQQԂUXO,1450000
tSڂTWOԂV,1380000
ڍRڂPVVQԂPS,895000
RRڂPOQPԂQ,890000
OcQڂPԂUV,971000
SVPڂQPTRԂQQ,789000
蕶JSڂRSԂPQ,772000
OcQڂQOTԂS,1200000
QڂPSVSԂU,747000
QڂVPԂR,737000
ڍTڂWWQԂPU,758000
ڍQڂVQPԂPO,973000
QڂPPTԂP,850000
ڍ{RڂPRUԂPO,850000
SڂWUPԂWT,1030000
tRڂTORԂR,2070000
ܖ{؂QڂQUOVԂVS,763000
QڂPOXԂX,843000
ԂPڂPTTԂS,861000
΂uRڂRPWQԂP,677000
tRڂRPSԂR,1040000
剪RPڂWUԂPW,707000
勴QڂUQWԂPO,858000
ڍQڂQQOԂPO,727000
ڍ{QڂXԂX,711000
_QڂQSԂU,774000
RuPڂVԂV,3010000
ڍRڂPWUOԂUO,3780000
ڍRڂSWSԂT,841000
SVQڂPPRWԂPV,915000
_SڂWԂQO,810000
ԂQڂPWXԂQ,1560000
tPڂPROOԂP,1870000
ڍUڂXXPԂRO,984000
PڂQPTԂQPO,1640000
RuPڂPSVԂPOO,1200000
ڍRڂUOSԂUO,1210000
RuPڂUPԂSO,4870000
PڂPQTUԂPW,806000
PڂWRRԂT,807000
ڍ{SڂPRQԂS,792000
ڍPڂPPXԂPQO,3630000
ڍ{TڂQQԂRO,919000
RRڂXWQԂPPO,901000
XkRڂQOVԂS,441000
vSڂUWXԂPO,530000
XRڂQPSԂT,442000
czRڂQRԂR,1080000
JPڂSUSԂR,507000
nPڂQRԂPW,465000
JQڂXRPԂPO,382000
ZQڂPOԂRS,380000
vQڂPUOԂP,550000
RRڂPTOOԂSQ,640000
JQڂQTWԂQ,695000
XQڂQVTԂPO,402000
cSڂRUԂTO,500000
ZRڂPQԂPRO,388000
ێqQڂQRTԂQ,394000
JRڂUSQԂPO,521000
rPڂPOPRԂPQ,476000
nQڂRSԂVO,474000
䒬PRSԂSW,483000
czQڂQSԂQUO,619000
瑩RڂRPQԂR,551000
VcQڂPQOԂR,427000
ێqSڂSQVԂS,417000
UڂQPRԂR,449000
JSڂPUSԂP,405000
XRڂSWSԂQ,403000
czTԂQX,438000
nSڂPSRQԂP,465000
rTڂUTRԂQ,442000
czSڂQVԂP,672000
RQڂQQPOԂQSU,605000
cSڂROԂPU,453000
ZPڂPOԂTP,379000
JPڂRRSԂR,506000
vRڂPORXԂR,568000
czRڂSSԂV,717000
k瑩QڂTVWԂS,574000
XkPڂPTԂX,1210000
nPڂTTԂRQ,450000
JTڂWVXԂX,461000
PڂUUԂV,478000
ێqQڂQVQԂSO,481000
nRڂPPTUԂQQ,444000
cWڂPUԂPT,487000
瑩QڂPVPԂP,591000
rVڂSOԂS,492000
vPڂPPSVԂP,502000
knPڂVOԂVU,505000
rQڂPPOXԂRO,502000
J˒UQQԂT,522000
XkSڂPSWԂQ,455000
rPڂQQTԂUO,431000
璹QڂRWԂRP,469000
c{PڂPSԂV,408000
QڂVWԂP,458000
nPڂQԂQO,519000
XQڂQUUS,384000
cVڂUUԂQ,3840000
JQڂRTSԂT,620000
JQڂWUSԂS,450000
RQڂQRPVԂPO,1880000
XkPڂROԂUO,959000
QڂPWTԂT,525000
XTڂSԂS,560000
vRڂPOTQԂPO,668000
RڂUVUԂT,520000
슗cRڂPSUPԂU,683000
슗cPڂPPԂPQO,942000
ZQڂRԂPO,470000
cVڂTPԂX,793000
cTڂPWԂPU,2180000
PڂQXVԂS,569000
XkUڂPOXԂR,518000
cVڂSWԂPU,1910000
czPXԂTX,521000
nTڂTTԂPRO,565000
HcRڂRԂS,461000
JSڂVPԂR,622000
c{QڂSԂPR,762000
rPڂXԂS,615000
czQڂTPԂQO,1050000
璹PڂVWԂPOO,605000
JQڂVPWԂQ,701000
RQڂQPRTԂQO,666000
PڂQQRԂP,546000
XkTڂPRSԂQ,531000
VcPڂRXԂU,465000
JRڂPUUԂQ,708000
czQڂTԂS,623000
cSڂPTԂSP,1310000
rRڂVTRԂQ,569000
JQڂVORԂP,556000
ZQڂPOԂTX,636000
JUڂPRRTԂPO,297000
CQڂVԂP,620000
ZRڂPUԂQX,368000
XRڂSRRԂPQ,290000
쓇QڂXԂP,251000
㐅TڂSWOԂPQ,590000
X͂TڂRRԂPT,720000
nPڂTXTԂQO,605000
GRQڂSXUԂPT,561000
匴PڂPOUOԂQR,660000
тSڂROUԂV,649000
X͂UڂSSԂP,895000
ʐPڂUVԂPO,617000
RڂROOԂR,747000
쑽XڂPTWOԂQ,379000
VPڂUUԂW,596000
pSڂRQUԂQ,730000
VQڂTQPԂP,830000
cQڂQRTԂSQ,330000
ԒTڂSWSԂSQ,581000
UڂWPXԂS,845000
ctJTڂPORPԂQQ,432000
nSڂRSԂPO,665000
쑽SڂSPTVԂU,300000
cSڂRRSԂPVO,645000
FލQڂQROԂW,289000
ctJPڂPRWԂPR,557000
cQڂUUWԂPUT,734000
VڂPOPԂQ,795000
TڂUPUԂPX,603000
pRڂTPPԂPQ,799000
X͂WڂVRԂS,709000
X͂PڂVXԂPQ,709000
uRڂQVPPԂQU,538000
kPڂTOPԂR,775000
{PڂPQVSԂPO,475000
qQڂRTUԂST,723000
ԒQڂPPRUԂRR,660000
~uQڂPRURԂPP,585000
mWڂUQԂX,640000
[PڂROԂQQ,698000
QڂPԂPO,810000
ʐSڂPRXԂRQ,660000
QڂQOWԂPW,683000
ctJPڂSRXԂVO,495000
쑽PڂSOPVԂPO,269000
ctJTڂTWRԂUR,410000
rKQڂPRQԂQ,698000
uSڂQWQSԂRT,548000
cJQڂRWVԂPX,585000
cPڂRVTԂU,658000
DUڂQQԂT,490000
oQڂQSSԂRX,627000
H؂PڂPUTTԂQR,592000
ԒRڂQVPԂPS,654000
TڂSQQԂR,594000
oTڂWXXԂQVO,599000
PڂWOԂX,714000
{PڂQSSRԂQQ,632000
PڂPTԂQW,625000
WڂQVPԂPR,727000
呠TڂQWUSԂQP,348000
SڂQSTԂPO,618000
VRڂRQSԂPQ,727000
cJSڂPPTԂR,615000
QڂSTԂSR,647000
SڂPOVTԂV,590000
тRڂQPUԂU,610000
тPڂXTԂTO,535000
RڂPSԂP,789000
pUڂPORԂV,548000
nUڂUOԂQT,789000
OhQڂQSTԂS,686000
oSڂTSQԂPQ,625000
nQڂPSTԂQV,652000
{RڂQRSSԂPP,616000
OPڂSQQԂSQ,739000
[TڂPOԂWO,604000
тQڂWQԂQO,649000
тTڂUORԂPT,601000
cQڂRSSԂPR,402000
kGRVڂQQQSԂV,372000
JRڂTԂPT,430000
pPڂUԂS,665000
PڂPQRԂSW,622000
тQڂSUTԂU,630000
тPڂUQԂPO,716000
QڂTWUԂR,550000
nTڂXԂRS,613000
㐅PڂPOPԂQO,507000
kGRXڂQOQRԂPX,388000
mPڂRSVԂWO,465000
kRڂWVVԂUUO,681000
WڂTSXԂS,638000
TڂPSO,835000
ΑTڂTPVԂT,428000
JQڂPWXԂPXO,460000
nRڂTQԂPV,673000
kSڂUTOԂPP,648000
cPڂXSXԂR,719000
cTڂXOPԂQ,690000
DPڂRSOԂRQ,530000
[WڂPOWԂQV,749000
pPڂPSԂPV,642000
ʐczQڂVQWԂQ,702000
RڂPPWԂWO,708000
cSڂQQԂQW,324000
GRSڂPOXRԂT,515000
ctJQڂRWQԂPO,424000
mSڂQTQԂQ,557000
ctJUڂVPRԂPS,390000
TڂPPSPԂW,703000
ʐPڂUVԂQ,748000
uQڂQURUԂQ,716000
JPڂSPPԂP,584000
OQڂQRSԂPT,1100000
VQڂTQTԂPR,943000
kSڂPPOXԂPW,634000
qQڂSQWԂPUO,2340000
kQڂPOSTԂRV,2600000
RRڂVԂPOO,710000
ʐSڂPUUVԂW,720000
rKRڂPTXԂPRO,1200000
X͂QڂPVԂU,900000
SڂRQԂR,752000
kQڂXVOԂT,1430000
匴QڂPROVԂW,710000
cJSڂTOԂV,713000
GRTڂUSRԂWO,1250000
PڂUSUԂPV,873000
QڂXURԂPW,1060000
PڂQORQԂW,793000
oPڂRUԂQP,950000
cQڂWPQԂPP,720000
pSڂSQTԂW,835000
ʐRڂPTXUԂR,1300000
cPڂRUWԂQ,645000
RڂWRVԂQ,794000
OPڂPVԂPPO,1120000
тTڂTVUԂS,661000
[UڂSPԂQQ,639000
pQڂSԂT,649000
uTڂRPPTԂP,620000
GRRڂWUTԂP,635000
㐅SڂSROԂPQ,771000
TڂRPUԂX,1080000
쑽WڂQPVTԂPO,694000
TڂPUWԂSO,703000
QڂWԂPS,900000
ʃPJPڂQUԂU,1210000
LQڂPPԂU,1280000
_{OSڂPWԂV,1980000
PڂQUԂRVO,1730000
RPOUVԂSPO,1100000
{PڂXԂPR,670000
bRڂQWԂQU,1190000
XؒTOԂPS,961000
_򒬂TԂPP,888000
bQڂQOԂP,2380000
bQڂPQԂPWO,1400000
aJSڂRԂTO,1500000
㌴QڂPPVVԂPRU,1060000
X؂TڂROԂP,1310000
RڂUVԂQ,883000
ʃPJTڂPQԂU,1000000
_{OTڂRSԂT,1350000
약䒬TQԂW,1660000
˂PڂPQԂS,670000
ʃPJRڂSԂQT,1260000
bSڂPTԂP,1050000
X؂SڂRUԂPW,1060000
LRڂUVԂX,1180000
㌴PڂPRSPԂV,1020000
QڂPSԂRO,1340000
PڂPUԂPW,5570000
_PڂRXԂR,5650000
aJQڂXԂR,5760000
PڂPQWԂS,2150000
aJPڂPSԂPO,11700000
_{ORڂTԂSS,2350000
bPڂPOԂPU,5420000
˂QڂSSԂR,1040000
_RVԂX,1240000
X؂PڂTVԂU,4320000
PڂSXԂPQ,2060000
QڂQPR,14400000
uPTԂU,2150000
QڂRUԂPO,20300000
bPڂPQԂPR,3800000
㌴QڂPPWUԂQQ,1290000
X؂QڂPPԂPRO,9180000
~RRPԂPO,1430000
ʃPJRڂQUԂPQO,1550000
X؂QڂQOԂTO,1460000
X؂PڂTTԂQR,2500000
Fc쒬VVԂPSO,26000000
bRڂPQRԂU,3150000
aJQڂUԂXO,2100000
_PڂRVԂT,2100000
_{OSڂQUԂSRO,24000000
X؂SڂPOԂPR,1200000
Fc쒬WUԂV,14900000
㌴QڂPPSOԂWUO,1390000
_{ORڂRWԂW,2930000
aJRڂXԂP,7500000
_{OPڂUԂPT,8900000
_{OPڂPRԂT,18300000
VQڂSWԂQV,617000
RڂXPQԂQX,438000
RڂPԂPV,644000
{QڂUUԂPSO,437000
]PڂUTԂPR,507000
㍂cTڂROԂQQO,456000
퐶TڂTUԂXO,574000
RڂPQVԂW,597000
퐶PڂRXԂPR,527000
{QڂRUԂPT,587000
RڂQԂP,784000
QڂPSQRԂPP,431000
PڂUPQԂP,895000
{RڂPTRԂS,465000
PڂVVԂQP,729000
{TڂURXԂPX,381000
]ÓcSڂPUSPԂPW,463000
RڂPUԂX,590000
QڂXԂPW,729000
TڂXԂPQ,653000
aSڂROPԂPV,449000
{SڂSVWԂW,441000
VSڂSWԂU,513000
SڂTVTԂV,431000
QڂSVԂPUO,626000
㍂cQڂQQԂU,513000
퐶SڂQUԂR,536000
SڂUSXԂP,946000
RڂPXԂPO,620000
RڂPOVԂPOO,3720000
܂PڂQTVԂXO,558000
VPڂPRԂT,716000
SڂRSԂPT,1020000
UڂVRSԂPU,710000
VTڂPUԂQ,662000
RڂQԂP,1870000
PڂPQOԂPW,817000
QڂXSԂQQO,754000
RڂPQRԂW,816000
{QڂSRQԂPP,1570000
TڂQPԂV,2470000
퐶QڂQSԂVO,1130000
PڂXTԂSO,901000
PڂPURUԂP,809000
RڂPPPԂTQO,1030000
SڂWԂS,919000
{RڂQWXԂW,506000
]ÓcSڂPUTWԂT,598000
VPڂRUԂVO,1030000
TڂQOԂQP,1300000
aPڂPSXVԂS,602000
{SڂXQԂU,928000
QڂPQԂP,1050000
EPڂSPXԂQW,477000
~kQڂVROԂQV,600000
{VPڂWQSԂRT,494000
aRڂVRSԂW,594000
m؂RڂPPRSԂSX,476000
SڂPQW,699000
aPڂPPOԂPS,484000
cPڂTUPԂX,442000
쉬ESڂTQԂR,601000
RڂQOXԂP,494000
QڂPQVԂTO,501000
QڂQPP,417000
{ORڂTQRԂPX,497000
~RڂSRRԂWO,530000
~PڂTPPԂQW,615000
acQڂXXVԂSV,474000
˓QڂUUXԂQTO,556000
{OSڂPSTԂPO,497000
~QڂRTWԂQR,518000
vRPڂRVOԂS,673000
cSڂPWԂQ,569000
lcRPڂWSTԂPR,564000
{PڂPURSԂU,453000
vRSڂPSSԂR,542000
SڂUSԂS,586000
PڂSRQԂPR,570000
䑐QڂUVԂPR,443000
䑐RڂPVQԂPW,471000
˂QڂTTPԂPO,492000
vRTڂQWRԂVO,578000
ERڂXԊO,689000
˂TڂRTTԂRW,458000
iRڂQTRԂR,683000
PPڂRORԂP,503000
~RڂPXPԂPS,545000
aSڂQVQԂPU,476000
㍂˂PڂXPԂPQ,521000
VRڂPWUԂPT,520000
JkPڂSTSԂPR,527000
˓RڂPXWXԂSS,518000
JRڂTWTԂV,534000
kQڂQRԂPP,580000
acRڂXQԂTT,536000
vRPڂUWWԂQR,436000
˂PڂPWOԂU,468000
JkUڂPTSԂX,467000
PڂWUԂSX,519000
ːRڂQPQQԂPV,476000
PRڂPQUԂR,495000
kRڂQPԂPU,606000
˓SڂPOTSԂPPP,483000
ːPڂXXOԂTO,513000
䑐PڂPUXԂPO,405000
JkQڂSXRԂPS,578000
cRڂWVUԂP,444000
䑐TڂPPUԂPR,405000
lcRSڂPORUԂP,562000
JkTڂUUԂU,518000
㍂˂PڂRRSԂPO,450000
xmPڂSPQԂRPO,442000
~kRڂPOPQԂQO,505000
{VRڂUOOԂP,484000
QڂTQԂPQ,547000
cSڂQRQԂW,600000
㉬PڂVԂSO,2660000
QڂTQTԂR,792000
ETڂPQUԂR,1600000
JRڂVVSԂR,1680000
~QڂQQOԂPVO,658000
iPڂSOԂPPO,705000
kQڂPOXԂR,1040000
JPڂWTԂRO,802000
iRڂQRUԂV,690000
䑐QڂQRTԂRO,628000
JkSڂQSOԂR,763000
cRڂPRVԂQV,590000
ːPڂVOPԂUO,678000
~SڂQRԂRO,1050000
ːQڂQPSOԂTO,639000
˂PڂRԂR,623000
aSڂQTUԂU,669000
JkPڂWOWԂPV,701000
PPڂTԊO,642000
ETڂURԂR,660000
˂RڂQSQԂP,639000
lcRRڂXRVԂQX,755000
ڔQڂPUSRԂV,770000
r܂QڂQVԂRO,529000
r܂QڂPQԂPP,650000
ڔSڂSRԂUU,825000
˂PڂPTRQԂPR,659000
瑁SڂQUԂR,490000
PڂPQԂPS,620000
rܖ{SڂQPTԂR,474000
GiJRڂTSRԂR,570000
r܂RڂPURWԂT,570000
k˂PڂQUԂR,638000
cPڂPUԂPQ,493000
VڂVXTԂPP,477000
PڂVVOԂQQ,510000
쒷QڂQOWOԂPR,512000
r܂RڂPRXOԂQO,605000
GiJPڂXԂS,502000
SڂPTԂSP,732000
瑁QڂRQԂS,535000
瑁PڂRTԂSQ,530000
r܂RڂPTTԂPVO,488000
PڂPSԂPO,831000
r܂TڂPSXԂUO,496000
r܂PڂPԂPUO,13500000
k˂RڂROԂPP,723000
˂RڂTOԂS,782000
r܂PڂRVԂQ,2550000
r܂QڂXVԂPR,3420000
r܂PڂTSSԂS,848000
쒷PڂQORPԂW,721000
PڂPWԂPQ,1650000
k˂QڂPQԂR,1200000
RڂRSOԂUO,1350000
r܂PڂQSԂU,1660000
r܂PڂRTԂVO,2190000
r܂PڂQVTTԂPR,820000
r܂PڂPOԂR,4240000
QڂUOԂV,816000
r܂QڂPOSOԂR,596000
rܖ{PڂQOSԂV,575000
쒷TڂRWVQԂSO,712000
r܂RڂROԂPT,1210000
r܂RڂUVԂU,1540000
GiJQڂRQOԂQO,800000
˂QڂSTԂRO,1800000
r܂PڂPԂPPO,6900000
r܂PڂQQԂQ,2020000
cRڂPOԂRW,900000
r܂QڂPRԂS,870000
vPڂTԂPO,820000
r܂QڂSVԂT,1380000
r܂TڂPTԂQQO,2060000
r܂PڂPVԂRO,6360000
PڂQRԂRT,520000
PڂWTWԂPV,578000
TڂSWԂPX,472000
╣SVTԂR,400000
qQڂPVԂPV,436000
ԉHRڂPQԂU,418000
u΂PڂPSԂUQ,425000
c[QڂPPԂPT,598000
ԉHPڂRQԂPS,1110000
q{QڂQVԂU,537000
LRڂPԂUS,407000
u΂RڂRWԂX,378000
UڂPVԂV,437000
㒆PڂQUԂPWO,550000
ԂQڂQSԂVR,360000
ԉHPڂPX,500000
c[VQڂRRԂP,510000
\TڂPRԂPT,354000
PRڂSOԂX,488000
hPXԂT,371000
ԉHkQڂPXUQԂT,384000
\PڂPTԂP,459000
\PڂPWԂPV,441000
TڂUԂSO,790000
\𒇌PڂPQԂTRO,429000
ԂPڂPTԂPS,343000
ݒPڂPVԂPS,433000
ԉHRڂQPQԂPW,418000
xDRڂPXԂW,426000
ԉHQڂRSXԂQ,495000
QڂTSԂR,410000
_JRڂQVԂU,386000
c[PڂPTԂR,575000
ԉHPڂQPSXԂXO,1030000
ԉHPڂWԂPO,2980000
uPڂQUXԂT,473000
c[VRڂVOԂRO,669000
xDRڂQXԂQP,477000
\RڂXԂRS,900000
\𒇌PڂRԂQU,1090000
ԂSڂUԂPQ,439000
\RڂPWԂW,565000
PPڂPOUԂPSO,869000
UڂQWԂT,552000
qTڂRԂRR,720000
c[SڂPOUԂS,651000
ԉHQڂPOԂS,1250000
qPڂPRԂQS,1380000
u΂QڂSXԂUO,571000
ԉHPڂTPOԂPRO,1650000
u΂QڂQԂQOO,632000
c[QڂPPԂPU,628000
PPڂTTԂPO,712000
qPڂUԂPT,1080000
ԉHPڂRUԂQS,660000
\𒇌QڂWԂRW,610000
c[PڂQQQԂT,853000
vWڂQXSԂXO,409000
rQڂQPԂRTO,476000
闢PڂPԂPR,889000
vQڂPSVVԂR,379000
vSڂQOWUԂR,419000
闢UڂVVVԂP,505000
ZVڂXUԂP,419000
SڂPRTTԂQW,377000
rUڂTUԂT,414000
闢TڂTԂPR,506000
rRڂQWԂPO,414000
闢UڂRSԂPU,468000
vVڂQSPԂV,467000
闢RڂQROԂX,480000
VڂPTRRԂR,410000
ZRڂPSPԂQU,374000
vUڂXVWԂP,530000
闢TڂTPԂPQ,1750000
rUڂTԂT,1080000
ZPڂTOԂQXO,535000
闢RڂPRRWԂPO,748000
ZTڂPOXԂPO,691000
闢QڂSPVԂX,915000
RڂPOPOԂT,728000
闢TڂQSԂP,985000
vPڂPUXOԂR,532000
闢UڂTOWԂQX,501000
vTڂQSOOԂPOU,503000
rRڂVWԂU,658000
OPڂQQԂX,310000
O쒬UڂQPԂV,395000
ՑQڂQSԂPO,582000
VPڂROԂPX,400000
΍SڂPPWԂS,428000
QڂPXUԂR,420000
PڂTRԂT,450000
PڂQSVԂQ,389000
Ԓ˂TڂVRSԂS,330000
QڂPWTԂPO,362000
Ԓ˂QڂPXXOԂQQ,412000
בRԂQP,391000
QڂPXԂU,401000
KSSԂPT,445000
ۂQڂXPԂQ,370000
ՑQڂQTԂPV,504000
RPOԂS,531000
JQڂQSԂR,437000
PQԂU,475000
aRTԂRP,437000
MnQڂQQԂPR,339000
PڂRVԂR,360000
TڂSVԂV,341000
QڂPSԂX,495000
R䒬SRԂX,519000
SڂQԂPRO,395000
ۂRڂPQPԂX,435000
Ԓ˂WڂSԂRT,325000
O쒬PڂSSԂPS,418000
؂PڂPVRԂPU,355000
@RڂPXԂQO,400000
؂RڂPVVUԂPW,326000
≺PڂUԂTO,365000
쒬PXԂPR,512000
@QڂUԂVV,380000
QڂPRSOԂPR,337000
POԂPX,491000
RQRԂPTO,443000
xmRPԂQO,419000
hPXԂPQ,402000
Ԓ˂RڂTTTԂWO,411000
ۂUڂQVԂQO,342000
VڂQXԂX,330000
Ԓ˂PڂQXWQԂU,379000
QOPV,398000
΍PڂPXTԂPO,542000
≺RڂPSԂSO,358000
PڂRRTUԂR,480000
RRPԂP,1230000
WڂPTԂP,528000
Ԓ˂QڂWOSԂR,628000
uQڂSԂQX,578000
hURԂSO,717000
QڂPUTԂUO,953000
PڂSVTRԂW,568000
aPSԂQO,730000
ՑQڂUԂV,1020000
≺QڂPPԂS,427000
≺QڂPQԂT,545000
RڂRPTԂSQ,442000
PڂSUԂV,750000
@QUԂX,470000
ےPSԂPO,652000
RTQԂQP,813000
퐶QVԂR,540000
QڂVԂR,385000
PڂSWԂQU,710000
≺PڂXԂPO,291000
MnRڂPQԂR,274000
V݂͊QڂTTԂQO,248000
cSڂSPQԂQ,348000
PڂPXPԂSO,311000
ΐ_SڂPQOVԂQR,353000
aQڂPTXPԂSU,410000
aSڂPUROԂQQ,466000
XSڂWSԂPS,432000
tRڂQOOOԂPU,383000
ΐ_PڂRWWԂRX,378000
nSڂUUXPԂQU,424000
wUڂWOWԂU,249000
ΐ_䒬WڂPUWOԂPXV,417000
tPڂQQPPԂPX,407000
RڂSPWԂPU,325000
wSڂPOXԂW,262000
yxcQڂPPQXԂV,276000
{QڂSVTUԂRS,405000
cQڂUSOTԂUR,421000
aRڂPOSԂV,413000
cRڂTTSQԂPP,364000
LʖkQڂTԂQ,460000
тPڂQTSԂPS,393000
QڂPUTVԂPXO,256000
cTڂTROWԂPSO,388000
LʏPڂPUԂX,482000
nQڂUQUOԂQS,436000
QڂQSԂPO,418000
RRڂPTOQԂW,410000
JSڂPVXTԂQP,300000
шRڂTPXԂQO,395000
XRڂXQԂPW,438000
ΐ_TڂSQUԂSO,459000
RڂQRPQԂPR,386000
UڂTUOTԂQW,418000
PڂUPQԂPX,331000
֒kQڂUQWԂQR,423000
ΐ_RڂPVUWԂXO,357000
UڂPXUԂTO,352000
֒QڂPRUԂXQ,387000
ΐ_䒬UڂPQPVԂPU,552000
OPڂPQSVԂP,336000
SڂSOVUԂQX,373000
wTڂQUQSԂQO,274000
򒬂PڂRSTVԂQX,225000
kQڂWԂPX,444000
kVڂPPQVԂRQ,383000
nPڂUXUWԂR,464000
шQڂXQVԂV,389000
ΐ_QڂSUԂVU,391000
LʖkUڂPUԂPO,494000
֒kSڂSQXԂQRO,362000
xmRڂVUXԂW,404000
UڂPOQUԂQR,326000
TڂWTRԂPT,322000
QڂXPRԂX,387000
|QڂPSԂQR,546000
cRڂUWWԂQS,385000
tQڂQSTVԂRP,386000
|PڂTPԂSQ,494000
SڂPQTUԂSO,242000
RڂXPTԂQU,447000
wQڂQRXTԂPX,296000
RڂTQPԂQ,410000
򒬂QڂPOQRԂRS,232000
QڂQSԂQW,437000
SڂVPQԂR,359000
򒬂UڂVOԂV,329000
LʖkSڂQTԂX,532000
쒬QOXXԂTU,393000
QڂPRWWԂU,366000
ΐ_䒬TڂWPXԂV,354000
ΐ_QڂPRXXԂPW,350000
PڂQXԂPV,413000
kPڂUTԂU,370000
XQڂPRTԂPR,407000
HQڂQSԂRX,429000
tSڂQUPUԂQW,380000
{SڂSWWXԂPQ,390000
VڂPTVԂSW,358000
ΐ_SڂVQTԂPO,366000
LʖkTڂPPԂPU,500000
RSڂPPSRԂQR,362000
ΐ_䒬PڂPOTWԂR,433000
򒬂SڂQXRPԂWX,250000
֒kTڂRRQԂU,346000
LʒPڂPOXPԂW,393000
RPڂPTԂVO,406000
SڂUORPԂR,472000
xmQڂQQUԂPP,379000
wWڂTRQSԂQR,248000
yxcSڂVXUԂQOO,237000
JQڂQOWPԂRP,335000
шQڂWXWԂTO,407000
HRڂQUԂQ,432000
LʖkUڂPԂPR,1370000
ΐ_䒬RڂPROQԂVO,935000
֒kQڂTUWԂX,725000
hUԂQOO,800000
PڂTOXԂRU,1280000
TڂSUPVԂUO,476000
XRڂRQPԂSO,642000
֒SڂVSRԂP,490000
tPڂQQXTԂPP,494000
SڂUOWOԂPP,593000
kSڂWԂPS,792000
ΐ_䒬VڂPWTSԂPRO,505000
kWڂXTVԂQ,591000
шSڂVWUԂPQ,513000
PڂQSRRԂU,831000
LʒQڂQVԂT,530000
{QڂPUTOԂRO,768000
ɐlTڂPUԂQ,255000
SڂUQԂPO,500000
QڂSRԂT,453000
PڂSVUVԂV,250000
|̒˂PڂPXVPԂPV,321000
RڂQOԂX,295000
ɐlRڂXԂSP,231000
_PڂTPOԂP,193000
aRڂPVWԂQ,316000
MPڂPUԂSX,222000
Z؂RڂRSԂX,219000
ɋ{PڂPQSWԂQ,286000
RڂQQԂPO,537000
ۖ؊ԂPڂQRԂPO,251000
JPڂPVԂPQ,326000
PڂPWԂPV,400000
~PڂQXԂQR,347000
RڂPVTTԂS,316000
VSڂSOԂQR,263000
ÐJ{QڂQPԂP,235000
PڂPPPԂQO,665000
J݉ƂQڂPԂPP,271000
{SڂPUSTԂPSO,272000
JcQڂQOԂQQO,231000
QڂPXOTԂPP,337000
SڂSRPOԂUO,295000
QڂPQUTԂTO,238000
VcRڂSԂRW,249000
ZΒQڂPRԂPRO,400000
lUڂPOԂQP,224000
ے˒PUԂPTP,270000
QڂPUPWԂPO,300000
JSڂUԂQX,211000
VPڂRQԂWO,291000
ۖ؊ԂQڂPXԂU,260000
|̒˂QڂPPPTԂPX,350000
RڂSSTԂT,272000
ÐJ{SڂTԂPX,220000
|̒˂TڂQXԂW,319000
cƂSڂTԂU,296000
xVQڂPQԂR,212000
CQڂTPVTԂSO,186000
ZTTԂQSO,346000
֌QڂPUVԂS,247000
|̒˂QڂPXԂQ,380000
VVڂXԂS,272000
ZTUԂW,800000
PڂPVԂPW,328000
ZRڂXԂQ,273000
{PڂPTԂPR,220000
{PڂSRԂT,191000
ZUUԂPV,468000
kQQVԂQS,233000
VRڂPRԂRO,256000
ɋQڂRXԂPTP,238000
ɋ{QڂQPԂPR,227000
]kVڂPOԂPT,240000
ۖ؊ԂRڂQWԂPP,247000
JSڂPSԂQ,312000
aTڂVPԂR,310000
OPڂRUPԂPOO,315000
QڂPOԂPO,223000
VSڂRԂQW,245000
|̒˂PڂPTԂRO,395000
JWڂUԂQ,184000
ۖ؊ԂPڂQOSSԂRO,250000
ۖ؊ԂTڂTPVԂQ,201000
VcPڂWԂV,234000
ZTVԂPS,335000
ԔUڂUQSԂRX,214000
{PڂQTPQԂP,323000
ZΒPڂPԂW,428000
ԔSڂRSԂPO,246000
]kTڂUUU,272000
ZQڂTVԂRO,2700000
ZSTԂQO,1230000
VhQڂPQPTԂQ,868000
lRڂRԂQPO,302000
J݉ƂQڂPԂPO,393000
{ؖkXԂRTO,272000
ZPڂTVQԂR,319000
SڂPVWTԂP,426000
|̒˂PڂQXԂPTO,515000
JQڂVԂU,495000
ZPڂQRԂQ,916000
|̒˂SڂPԂVO,402000
ZSڂQԂQWO,501000
ZQTԂUO,442000
ZcUOԂTO,500000
|̒˂TڂPԂQ,446000
{QڂRQԂPS,360000
ZWOԂPV,490000
PڂSRQOԂUO,420000
QڂQUԂX,610000
PڂQSԂQ,522000
ۖ؊ԂSڂTOԂW,269000
ISڂXԂV,339000
ZQڂRXԂPT,645000
IRڂXORԂP,393000
JcRڂPPOWԂP,335000
ZSڂSRԂV,532000
VPڂPOTUԂV,401000
aQڂSTԂRO,353000
Z؂PڂUԂV,242000
lRڂTԂPP,232000
Z˒POPԊO,635000
UڂSTTԂPO,297000
{QڂUԂR,184000
xVQڂQԂWO,209000
JUڂRQQP,210000
RڂPOSԂT,367000
דcTڂRTTԂQ,301000
VQڂPRQԂP,318000
ԒRڂRXUԂPQ,323000
QڂRUTԂT,356000
SڂTԂPP,453000
˂TڂPSXԂS,376000
TLQڂPWSԂQ,328000
VhTڂQQXSԂQ,273000
ĖPڂPQVVԂR,305000
TLPڂQԂP,307000
쐅SڂQRԂT,264000
VhPڂPTUԂP,274000
WڂUUPԂR,316000
˂UڂSURԂQ,253000
QڂPQSXԂR,326000
VTڂSUQԂP,367000
TڂUXԂP,193000
RڂPOԂSW,226000
x؂SڂUOԂU,307000
TLRڂXSԂQ,323000
l؂SڂPQWԂQ,274000
VRڂPOVXԂR,421000
΂SڂSPԂP,318000
qPڂTVVԂTO,310000
΂TڂRPTԂT,332000
˂PڂUPԂP,394000
΂SڂPQVԂT,312000
󒬂PڂQXԂX,280000
x؂WڂPUSԂQR,346000
PڂPQSTԂQ,244000
TڂRԂRO,241000
VWڂPRWRԂT,292000
VSڂSQOԂS,372000
ԒPڂTROԂPU,360000
x؂QڂRUԂQU,289000
΂QڂQUQԂTO,327000
QڂQPԂPO,188000
VhQڂRQSVԂR,261000
UڂSUWԂPU,263000
TLPڂPXԂQQ,313000
TڂPXQQԂTP,331000
VTڂQVTQԂR,262000
˂SڂPPQTԂW,348000
PڂPSԂSP,284000
PڂRTOOԂP,401000
VPڂPRRWԂP,1470000
qSڂSXOԂT,296000
SڂPPԂU,681000
΂PڂQRRԂRO,615000
TLRڂUSRԂQ,630000
VUڂVXOԂQ,360000
TڂVWQԂSO,478000
TLQڂPRRԂQ,361000
쐅SڂQVԂS,289000
RڂPQԂPP,380000
x؂SڂRVWԂP,454000
ĖTڂUOQԂPO,353000
VPڂVSXԂR,590000
TLTڂWUԂP,574000
x؂QڂUWԂQO,359000
˂VڂPSԂPO,301000
˂VڂQSVVԂRO,340000
VSڂURԂPO,359000
PڂPVVTԂW,362000
]PڂPTRԂR,371000
VQڂVԂT,392000
蒬RڂQPTԂS,418000
UڂQUVUԂPO,372000
DxQڂTOVԂP,422000
PڂRTԂPU,388000
UڂQOԂT,384000
WڂXԂTQ,415000
kQڂUWPԂU,353000
kQڂQQVԂR,273000
]VڂQVPԂR,328000
kWڂTPXԂQ,307000
t]RڂPOԂPWV,309000
QڂPSOԂR,275000
V]QڂTSԂPWO,297000
슋TڂWԂSU,362000
]TڂPSԂSU,305000
SڂPPPQԂQ,390000
SڂWXXԂQ,381000
슋UڂRPԂPR,371000
{QQQԂR,288000
쏬SڂPPOSԂQ,327000
{FRڂTPVԂRO,295000
DxVڂPSRVԂQ,367000
SڂRRԂS,370000
RڂUPԊO,319000
WڂSOPVԂTO,363000
PڂQRVPԂW,350000
RڂQRԂQP,478000
V]QڂPRQXԂS,277000
QڂXSPԂS,390000
蒬PڂRURԂPR,328000
UڂUXԂU,351000
蒬PڂRTQԂP,343000
t]QڂPQSԂQU,313000
QڂSRQVԂS,288000
PڂTOUԂRW,292000
UڂQRԂR,453000
TڂUԂQS,473000
蒬TڂWWԂTV,308000
슋PڂXԂP,437000
]QڂSTԂQ,299000
V]VڂVԂSW,367000
]ːUڂVԂRP,308000
]RڂSQQR,361000
QڂTTTԂP,336000
SڂQS,382000
{QڂWOVԂQ,262000
SڂUOSUԂW,325000
]PڂQTQTԂPO,285000
VڂQRԂPS,458000
쏬TڂPUSOԂPS,367000
SڂPSS,264000
]ːRڂTQԂPV,287000
TڂPUOQԂP,449000
V]RڂXRQԂQS,315000
WڂRSԂT,371000
]ːQڂQԂPVO,315000
吙SڂRRԂQ,257000
TڂQVRVԂQ,374000
SڂRSRQԂQ,305000
VڂQRԂPT,420000
PڂPSW,283000
{FPڂTԂQPO,309000
蒬RPVԂPX,261000
슋RڂPOԂR,367000
RڂPOԂT,470000
VڂPWWXԂV,328000
DxTڂPRQV,362000
蒬QڂSRXԂPP,358000
PڂPXROԂP,1340000
DxVڂPSVWԂQ,369000
UڂPTԂQWO,1550000
V]RڂRVԂQ,443000
쏬VڂPWTWԂQ,641000
QڂPOWTԂS,341000
kPڂUOPԂT,366000
DxQڂTUU,742000
蒬VڂSQVԂX,571000
UڂQԂPQO,750000
UڂQUVUԂT,401000
TڂPTԂPO,977000
]TڂPPSSԂP,422000
吙SڂXUPԂRO,294000
RڂQTRԂQO,297000
蒬UڂTOԂRO,295000
]TڂPPQUԂP,340000
RڂPUUW,278000
V]SڂPPXWԂQO,266000
ՊCRڂUԂQT,323000