number,name,linename
1538614,Vh,’†‰›ό
1163469,a’J,“‰΅ό
1119840,’r‘ά,Rθό
879108,“‹,“C“Ήό
786052,Vh,‹‰¤ό
743574,•iμ,Rθό
742672,a’J,Rθό
568316,’r‘ά,4†όΫƒm“ΰό
542056,V‹΄,“C“Ήό
512054,μθ,
506229,Vh,¬“c΄ό
493246,H—t΄,‘•ό
489006,’r‘ά,’r‘άό
482214,’r‘ά,“γ–{ό
454781,–kηZ,Ι¨θό
451413,»£,9†όη‘γ“cό
444420,Vh,10†όVhό
428644,–kηZ,ν”Φό
413366,‚“c”nκ,Rθό
365386,γ–μ,“–kό
360845,a’J,δ‚Μ“ό
339100,—Ly’¬,“C“Ήό
338955,‘εθ’¬,4†όΫƒm“ΰό
331290,—§μ,’†‰›ό
321640,‘εθ,Rθό
310588,•lΌ’¬,“C“Ήό
305248,“c’¬,“C“Ήό
304904,‚“c”nκ,Vhό
292800,’†–μ,’†‰›ό
292579,’¬“c,¬“c΄ό
291919,–kηZ,9†όη‘γ“cό
288144,—“c,“C“Ήό
287796,b”δυ,Rθό
284888,•iμ,–{ό
283280,‹gΛ›,’†‰›ό
279576,_•Ϋ’¬,6†όO“cό
276680,–Ϊ•,–Ϊ•ό
272090,ά”½“c,Rθό
266574,‹βΐ,2†ό“ϊ”δ’Jό
262708,‘γX–Ψγ΄,¬“c΄ό
252793,V‹΄,3†ό‹βΐό
241127,‘ε–ε,1†όσ‘ό
236657,Vh,4†όΫƒm“ΰό
224894,’¬“c,‰΅•lό
224784,a’J,3†ό‹βΐό
223358,‘•›,’†‰›ό
221058,“ϊ•ι—Ά,ν”Φό
220438,–Ϊ•,Rθό
218883,ςx›,1†όσ‘ό
216517,‰γ,1†όσ‘ό
216184,O“c,1†όσ‘ό
214032,–LF,8†ό—Ly’¬ό
213020,γ–μ,2†ό“ϊ”δ’Jό
212444,‹Ρ…’¬,‘•ό
211558,“‹,4†όΫƒm“ΰό
209632,δ’ƒƒm…,’†‰›ό
208711,•‘ ¬™,
208460,‘εδ’¬,“C“Ήό
203957,‚“c”nκ,5†ό“Όό
202680,_“c,’†‰›ό
200552,Ό“ϊ•ι—Ά,“–kό
196964,’†–Ϊ•,“‰΅ό
195294,”Ρ“c‹΄,5†ό“Όό
191936,O‘ι,’†‰›ό
191092,lƒc’J,’†‰›ό
190378,‘εX,“C“Ήό
189764,“ϊ–{‹΄,5†ό“Όό
187924,”Ρ“c‹΄,’†‰›ό
187068,Τ‰H,“–kό
182125,•\Q“Ή,3†ό‹βΐό
180884,Ό•Vh,Vhό
180429,¬’|ό΄,8†ό—Ly’¬ό
177297,‰γ,11†ό”Ό‘ –εό
176675,‹γ’i‰Ί,5†ό“Όό
176577,aυs,
176576,‰¬E,’†‰›ό
174378,—Ly’¬,8†ό—Ly’¬ό
170756,Ό“ϊ•ι—Ά,9†όη‘γ“cό
170186,”‰¤q,’†‰›ό
167022,—“c,’rγό
166702,…“Ή‹΄,’†‰›ό
163044,VhO’–Ϊ,4†όΫƒm“ΰό
162989,“ρq‹Κμ,“c‰€“ssό
156540,©—R‚‹u,“‰΅ό
154302,‘ƒ›,Rθό
152168,΄h,Rθό
151496,V–Ψκ,‹—tό
150778,V¬β,‘•ό
150628,‰ΰƒ–Φ,2†ό“ϊ”δ’Jό
147437,‹gΛ›,δ‚Μ“ό
147061,X‰Ί,10†όVhό
146603,sƒ–’J,7†ό“μ–kό
143269,‘εδ’¬,‘εδ’¬ό
139334,‘γX–Ψ,’†‰›ό
139061,O¬’ƒ‰®,“c‰€“ssό
138960,¬’|ό΄,Ό•—Ly’¬ό
135334,•‘ ‹«,’†‰›ό
134902,Z–{–Ψ,2†ό“ϊ”δ’Jό
133950,δ“k’¬,“–kό
133000,H—t΄,ν”ΦVό
130934,—ϋ”n,’r‘άό
130408,¬β,‘•ό
129847,κ’¬,5†ό“Όό
129691,O‰z‘O,11†ό”Ό‘ –εό
127727,t“ϊ,6†όO“cό
127380,‰¤q,“–kό
127252,Τβ©•,3†ό‹βΐό
126363,“—z’¬,5†ό“Όό
125928,H—t΄,2†ό“ϊ”δ’Jό
125624,’²•z,‹‰¤ό
125084,lƒc’J,4†όΫƒm“ΰό
122368,sƒ–’J,’†‰›ό
122070,•‘ ¬‹ΰδ,’†‰›ό
120785,‰γ,Ι¨θό
119245,–ε‘O’‡’¬,5†ό“Όό
119242,‘•›,‘•›ό
118260,b”δυ,2†ό“ϊ”δ’Jό
117633,ΒRκ’–Ϊ,3†ό‹βΐό
117329,Υƒm–ε,3†ό‹βΐό
115658,‰Ί–k‘ς,¬“c΄ό
115517,”n‹ς‰΅R,10†όVhό
114939,ƒ‚ƒmƒ[ƒ‹•lΌ’¬,“‹ƒ‚ƒmƒ[ƒ‹‰H“cό
114876,‹TΛ,‘•ό
114367,‰Ί–k‘ς,δ‚Μ“ό
113406,‘ε’Λ,Rθό
113193,ά”½“c,’rγό
111924,”’–x,2†ό“ϊ”δ’Jό
111410,‹γ’i‰Ί,10†όVhό
109841,V–Ψκ,8†ό—Ly’¬ό
109140,—­’rR‰¤,3†ό‹βΐό
108231,–Ύ‘ε‘O,‹‰¤ό
108140,σ‘‹΄,‘•ό
107628,σ‘,3†ό‹βΐό
107424,‘—§,’†‰›ό
106899,‹Ό,5†ό“Όό
105720,γy‰€,4†όΫƒm“ΰό
105614,“ϊ”δ’J,2†ό“ϊ”δ’Jό
105537,–Ύ΅_‹{‘O,9†όη‘γ“cό
105342,‹Ρ…’¬,11†ό”Ό‘ –εό
105183,Ό‹Ό,5†ό“Όό
104455,‘εθ’¬,6†όO“cό
104223,‹¬‚»,–{ό
103528,“ϊ•ι—Ά,–{ό
102315,‚Η‚«,12†ό‘ε]Λό
101718,‹ΰ’¬,ν”Φό
100678,‚‰~›,’†‰›ό
100587,Z–{–Ψ,12†ό‘ε]Λό
99610,_’J’¬,2†ό“ϊ”δ’Jό
99200,–kηZ,ν”ΦVό
98926,sƒ–’J,10†όVhό
98317,V‹΄,1†όσ‘ό
97514,Vδ’ƒƒm…,9†όη‘γ“cό
96939,“ϊ–{‹΄,1†όσ‘ό
96811,_•Ϋ’¬,11†ό”Ό‘ –εό
96188,‹ξ,Rθό
96125,‘ƒ›,6†όO“cό
95556,Τβ,9†όη‘γ“cό
94116,•”{‰Ν΄,‹‰¤ό
92482,“c’[,Rθό
92093,Τ‰Hβ•£,7†ό“μ–kό
90621,“‹βΐ,2†ό“ϊ”δ’Jό
90516,‰H“c‹σ`‘“ΰόƒ^[ƒ~ƒiƒ‹,‹σ`ό
90224,•{’†,‹‰¤ό
89961,”Ό‘ –ε,11†ό”Ό‘ –εό
89468,¬ιw‰€‘O,¬“c΄ό
89332,Ά²ƒP’J,’†‰›ό
88954,Ό‰¬E,’†‰›ό
88478,‰¬E,4†όΫƒm“ΰό
87981,‘εςw‰€,’r‘άό
87957,–ε‘O’‡’¬,12†ό‘ε]Λό
87858,V‘ε‹v•Ϋ,Rθό
87411,‹‰¤‘½–€ƒZƒ“ƒ^[,‘–Ν΄ό
86795,ΌVh,4†όΫƒm“ΰό
86185,“ϊ”δ’J,6†όO“cό
85600,‘εδ’¬,‚θ‚ρ‚©‚Άό
83607,“‹βΐ,1†όσ‘ό
83421,‰Yΐ,
83290,““ϊ–{‹΄,1†όσ‘ό
83202,‹T—L,ν”Φό
82823,Z–{–Ψκ’–Ϊ,7†ό“μ–kό
82616,O‰‘‘O,3†ό‹βΐό
82583,l`’¬,2†ό“ϊ”δ’Jό
82370,‘ξ“c,5†ό“Όό
82167,ηΞ‰GR,‹‰¤ό
82091,‰i“c’¬,7†ό“μ–kό
81630,εμ,‹‰¤ό
81557,ω’Λ,‹‰¤ό
81309,H’Γ,’r‘άό
81273,Ξ_δφ‰€,’r‘άό
81074,“’†–μ,’†‰›ό
80700,•”{‰Ν΄,“μ•ό
80302,—ϋ”n,12†ό‘ε]Λό
79804,—Ό‘,‘•ό
79409,δ‰Χ’J,4†όΫƒm“ΰό
78934,‹ξ‘ς‘εw,“c‰€“ssό
78360,…“V‹{‘O,11†ό”Ό‘ –εό
77999,ΒRκ’–Ϊ,12†ό‘ε]Λό
77959,o“°,¬“c΄ό
77864,w|‘εw,“‰΅ό
77498,’z’n,2†ό“ϊ”δ’Jό
77166,VH’Γ,•‘ –μό
77101,–Ψκ,5†ό“Όό
75878,–Ϊ”’,Rθό
75848,’†–μβγ,4†όΫƒm“ΰό
75645,“c–³,Vhό
74049,“‡,8†ό—Ly’¬ό
73692,“‡,12†ό‘ε]Λό
73188,\π,Τ‰Hόiι‹όj
73186,’|ƒm’Λ,Ι¨θό
73148,VhO’–Ϊ,10†όVhό
72687,χV’¬,“c‰€“ssό
72652,‚Π‚Ξ‚θƒ–‹u,’r‘άό
72113,¬μ’¬,10†όVhό
70376,ά”½“c,1†όσ‘ό
70249,΄£,’r‘άό
69753,’©‰ΰ,
69141,’ίμ,¬“c΄ό
69100,‘Ϋ“W¦κ,‚θ‚ρ‚©‚Άό
68002,–L“c,’†‰›ό
67044,”Β‹΄,Τ‰Hόiι‹όj
66948,—p‰κ,“c‰€“ssό
66865,ΌVδ,Ι¨θό
66344,”’–x,‹—tό
66100,V–Ψκ,‚θ‚ρ‚©‚Άό
65797,’¬,8†ό—Ly’¬ό
65478,•½δ,‘•ό
64852,V‹΄,“‹—ΥCVπ’Κ—ΥCό
64604,Ό”‰¤q,’†‰›ό
64366,“μ‘ε‘ς,‘–Ν΄ό
64347,‰‘δ,‹‰¤ό
64142,ΉΦχƒ–‹u,‹‰¤ό
63855,’rK‘ε‹΄,“c‰€“ssό
63317,‰¤q,7†ό“μ–kό
63300,“‹ƒeƒƒ|[ƒg,‚θ‚ρ‚©‚Άό
63212,‘D–x,10†όVhό
63049,L”φ,2†ό“ϊ”δ’Jό
62937,υ‚‹u,12†ό‘ε]Λό
62076,•Ϋ’J,’r‘άό
61746,‹‹}—“c,–{ό
61307,’¬‰®,9†όη‘γ“cό
61004,“¬‹ΰδ,’†‰›ό
61001,“μ»’¬,5†ό“Όό
60720,_“c,3†ό‹βΐό
60685,‹‹΄,3†ό‹βΐό
60646,“•—ϋ”n,“γ–{ό
60612,‚”¦•s“®,‹‰¤ό
60454,σ‘‹΄,1†όσ‘ό
60048,”q“‡,Β”~ό
59709,VhΌϋ,12†ό‘ε]Λό
59640,¬‘,“γ–{ό
59493,δ’ƒƒm…,4†όΫƒm“ΰό
59445,’WH’¬,4†όΫƒm“ΰό
59375,‹‰¤”‰¤q,‹‰¤ό
58600,Ό‘•›,’†‰›ό
58303,γ–μδ“k’¬,12†ό‘ε]Λό
58142,‚”φ,’†‰›ό
58019,ηΞ‘D‹΄,¬“c΄ό
57651,‰Τ¬‹ΰδ,Vhό
57024,–{‹½O’–Ϊ,4†όΫƒm“ΰό
57015,Z‹g,11†ό”Ό‘ –εό
56546,],10†όVhό
55225,΄”’‰Ν,11†ό”Ό‘ –εό
54949,“‹v—―•Δ,’r‘άό
54624,“ϊ–μ,’†‰›ό
54556,σ‘,1†όσ‘ό
54276,¬—―,12†ό‘ε]Λό
53741,β–{’¬,10†όVhό
53186,•‘ ¬R,–Ϊ•ό
53135,]Λμ‹΄,8†ό—Ly’¬ό
52840,‘ε‹v•Ϋ,’†‰›ό
52636,Ί“‡,Β”~ό
52630,Vhδ‰‘‘O,4†όΫƒm“ΰό
52281,Vδ“k’¬,12†ό‘ε]Λό
52212,’n‰Ί“S¬‘,8†ό—Ly’¬ό
52172,l`’¬,1†όσ‘ό
51813,‘εR,“γ–{ό
51674,γ”Β‹΄,“γ–{ό
51496,“ϊ•ι—Ά,“ϊ•ι—ΆEΙlό
51332,‘ε‰R,–Ϊ•ό
51263,”’R,6†όO“cό
51309,’ί£,
50682,M”Z’¬,’†‰›ό
50550,”n‹ς’¬,‘•ό
50364,Β“u,–{ό
50319,¬“c‹}‘½–€ƒZƒ“ƒ^[,‘½–€ό
50008,“s’΅‘O,12†ό‘ε]Λό
49492,“‘ΊR,Vhό
49467,–ƒ•z\”Τ,7†ό“μ–kό
49222,ις’J,“–kό
49028,‹¬γ–μ,–{ό
48886,“s—§‘εw,“‰΅ό
48673,σ‘,Ι¨θό
48533,‘ctƒ–’J‘ε‘ ,¬“c΄ό
48527,‚Ζ‚«‚ν‘δ,“γ–{ό
48453,’|‹΄,5†ό“Όό
48303,‹Κμw‰€‘O,¬“c΄ό
48084,…“Ή‹΄,6†όO“cό
47873,•½a“‡,–{ό
47457,Ό”n,1†όσ‘ό
46890,],¬“c΄ό
46732,l’JO’–Ϊ,4†όΫƒm“ΰό
46629,δ¬–ε,6†όO“cό
46433,‹‰¤‰iR,‘–Ν΄ό
46200,•iμƒV[ƒTƒCƒh,‚θ‚ρ‚©‚Άό
45966,“\π,“–kό
45586,‰Ί‚δΛ,‹‰¤ό
45393,‚Β‚Β‚¶ƒ–‹u,‹‰¤ό
45317,“ΰK’¬,6†όO“cό
44573,γΞ_δ,Vhό
44268,Z‹g,10†όVhό
44262,μ‘›,8†ό—Ly’¬ό
44044,“’r‘ά,8†ό—Ly’¬ό
43994,‚δΛ,δ‚Μ“ό
43929,•½a‘δ,8†ό—Ly’¬ό
43548,κ”V],10†όVhό
43260,””¦R,‹‰¤ό
42941,Β•¨‰΅’,–{ό
42733,”T–Ψβ,9†όη‘γ“cό
42684,•‚ΤM“n,“–kόiι‹όj
42541,”’‹ΰ‚—Φ,7†ό“μ–kό
42441,‹Κμγ…,”q“‡ό
42267,’‡δ“k’¬,2†ό“ϊ”δ’Jό
42200,Vδ“k’¬,ν”ΦVό
41892,΄”’‰Ν,12†ό‘ε]Λό
41695,“Vh,13†ό•›“sSό
41560,“Vh,12†ό‘ε]Λό
41479,V•x’¬,8†ό—Ly’¬ό
41257,_yβ,5†ό“Όό
41249,Oƒm—Φ,2†ό“ϊ”δ’Jό
41233,‘‰ο‹c–“°‘O,9†όη‘γ“cό
40799,‹ξ,7†ό“μ–kό
40788,’†–μβγ,12†ό‘ε]Λό
40429,Τ‰H‹΄,12†ό‘ε]Λό
40374,’†‘Ί‹΄,’r‘άό
40261,‹v‰δR,δ‚Μ“ό
40242,ψ‚Μ‘δ,’rγό
40095,—v’¬,8†ό—Ly’¬ό
40014,•Xμ‘δ,8†ό—Ly’¬ό
39858,Βθ,10†όVhό
39847,¬“`”n’¬,2†ό“ϊ”δ’Jό
39461,¬•½,Vhό
39417,‹ξκ“‘ε‘O,δ‚Μ“ό
39140,ημ,8†ό—Ly’¬ό
39110,χγ…,‹‰¤ό
39100,“V‰¤FƒAƒCƒ‹,‚θ‚ρ‚©‚Άό
39097,‘—Μ,‹‰¤ό
38856,‹¬—§Ξ,‰γό
38754,‹βΐκ’–Ϊ,8†ό—Ly’¬ό
38739,Ό‘ξ“c,13†ό•›“sSό
38667,’J’Λ,
38261,–ƒ•z\”Τ,12†ό‘ε]Λό
38051,’n‰Ί“SΤ’Λ,8†ό—Ly’¬ό
38039,‹΄,10†όVhό
37916,¬£,‰΅•lό
37698,–kΤ‰H,“–kόiι‹όj
37678,‘γX–Ψ,12†ό‘ε]Λό
37508,Ό¬R,–Ϊ•ό
37291,V‚‰~›,4†όΫƒm“ΰό
37224,•ϋ“μ’¬,4†όΫƒm“ΰό•ςό
37175,“c‰€’²•z,“‰΅ό
36854,η‘Κƒ–’J,’†‰›ό
36671,’rγ,’rγό
36614,V“ϊ–{‹΄,‘•ό
36439,ά”½–μ,Ι¨θό
36250,‰ΊΫq,“‹}‘½–€μό
36154,‘ ‘O,1†όσ‘ό
36057,”q“‡,”q“‡ό
36043,“‚‰~›,4†όΫƒm“ΰό
35982,”‰¤q‚έ‚Θ‚έ–μ,‰΅•lό
35880,“’“‡,9†όη‘γ“cό
35626,V’†–μ,4†όΫƒm“ΰό
35406,‰¤q_’J,7†ό“μ–kό
35163,O¬’ƒ‰®,Ά“c’Jό
34898,“ρd‹΄‘O,9†όη‘γ“cό
34846,”Β‹΄–{’¬,6†όO“cό
34647,”Β‹΄‹ζ–π‘O,6†όO“cό
34642,•{’†–{’¬,“μ•ό
34629,]Γ“c,’r‘άό
34306,μ‘½©,¬“c΄ό
34134,¬μ,Β”~ό
34093,”~“‡,Ι¨θό
33839,—Ό‘,12†ό‘ε]Λό
33644,“ό’J,2†ό“ϊ”δ’Jό
33503,‘ ‘O,12†ό‘ε]Λό
33502,“μηZ,ν”Φό
33442,‚¨‰Τ’ƒ‰®,–{ό
33348,ΌVhά’–Ϊ,12†ό‘ε]Λό
33333,‰i•’¬,δ‚Μ“ό
33317,“c΄’¬,3†ό‹βΐό
33273,”Ρ“c‹΄,12†ό‘ε]Λό
33113,‘ε“‡,10†όVhό
32921,”~ƒ–‹u,¬“c΄ό
32914,•¶,Β”~ό
32758,‹v•Δμ,Vhό
32729,’z’nsκ,12†ό‘ε]Λό
32646,“‘ε“‡,10†όVhό
32469,λƒm‹{,Vhό
32427,u‘ΊO’–Ϊ,6†όO“cό
32314,”¦ƒ–’J,‹‰¤ό
32268,‹‰¤–x”V“ΰ,‘–Ν΄ό
32148,‘γ―R,“‰΅ό
31936,ηΞ,6†όO“cό
31796,αΌ‰Ν“c,12†ό‘ε]Λό
31494,—S“V›,“‰΅ό
31393,•‘ Φ,Vhό
31368,Εφ‰€,6†όO“cό
31303,“V‰¤FƒAƒCƒ‹,“‹ƒ‚ƒmƒ[ƒ‹‰H“cό
31211,u‘Ίβγ,6†όO“cό
31203,¬“c‹}‰iR,‘½–€ό
31144,’†‰„,1†όσ‘ό
31106,GF,–{ό
30869,–k»£,9†όη‘γ“cό
30805,•s“®‘O,–Ϊ•ό
30711,V”Β‹΄,6†όO“cό
30582,‚“‡•½,6†όO“cό
30551,‘ε’Ή‹,‹σ`ό
30551,”φR‘δ,‘εδ’¬ό
30493,•‘ ‹«,‘½–€μό
30489,•l“cR,δ‚Μ“ό
30379,’C–¤,8†ό—Ly’¬ό
30334,Ό‘εδ,“C“Ήό
30272,–k•{’†,•‘ –μό
30263,‰H“c‹σ`‘ζ2ƒrƒ‹,“‹ƒ‚ƒmƒ[ƒ‹‰H“cό
30176,•σ’¬,1†όσ‘ό
30040,“μηZ,2†ό“ϊ”δ’Jό
30037,Ό‘ƒ›,6†όO“cό
29672,“™X—Ν,‘εδ’¬ό
29615,¬μ,”q“‡ό
29415,“μ’¬“c,“c‰€“ssό
29401,“‘ε‘O,7†ό“μ–kό
29280,»£,ν”Φό
29150,Ό“ϊ•ι—Ά,“ϊ•ι—ΆEΙlό
29107,η‘Κ–Ψ,9†όη‘γ“cό
29104,’†δ,Vhό
28711,Ό‘ε“‡,10†όVhό
28600,Z’¬,ν”ΦVό
28598,’Γ,9†όη‘γ“cό
28527,’†”Β‹΄,“γ–{ό
28339,‰H“c‹σ`‘ζ1ƒrƒ‹,“‹ƒ‚ƒmƒ[ƒ‹‰H“cό
28322,‰γ,‰γό
28089,“’·θ,’r‘άό
28035,V]Γ“c,12†ό‘ε]Λό
28031,‘γX–Ψφ‰€,9†όη‘γ“cό
27933,“’†–μ,12†ό‘ε]Λό
27916,‰H‘Ί,Β”~ό
27720,”n,1†όσ‘ό
27653,‚”φ,‚”φό
27559,‰gM,Ι¨θό
27386,•xm©‘δ,’r‘άό
27308,—ϋ”n‚–μ‘δ,’r‘άό
27258,‹“Ώ›,¬“c΄ό
27189,“μΆ²ƒP’J,4†όΫƒm“ΰό
27154,‰Ν•Σ,Β”~ό
27147,—‡“μ’·θ,12†ό‘ε]Λό
26918,βο’J,‹σ`ό
26865,δ›ΤR,’rγό
26817,‹TΛ,‹TΛό
26779,”ς“c‹‹,‹‰¤ό
26715,‘ι‚Μ‘δ,‘•›ό
26712,‹Ό—ΥCφ‰€,‹—tό
26424,’©,‹—tό
26317,—‡,5†ό“Όό
26259,•‘ V“c,“‹}‘½–€μό
26106,Ό‘δ,6†όO“cό
26036,‰H“c‹σ`‘Ϋόƒ^[ƒ~ƒiƒ‹,‹σ`ό
26029,“‘εas,”q“‡ό
25961,’†‰Ν΄,‹‰¤ό
25881,‹¬‹ΰ’¬,‹ΰ’¬ό
25728,•‘ –μ‘δ,‹‰¤ό
25620,‹eμ,10†όVhό
25541,–ξϋ“n,“‹}‘½–€μό
25491,V‘ε’Λ,4†όΫƒm“ΰό
25482,’†δ,12†ό‘ε]Λό
25312,α‚’J‘ε’Λ,’rγό
25279,‹¬Φ‰®,–{ό
25156,“•©,Vhό
25056,–μ•ϋ,Vhό
24960,–{@ΐ,6†όO“cό
24872,‰Ίδ‘,Vhό
24743,––L’¬,3†ό‹βΐό
24495,γ–μL¬H,3†ό‹βΐό
23969,–kQ“Ή,13†ό•›“sSό
23956,”’,
23436,‘δκ,“‹—ΥCVπ’Κ—ΥCό
23338,–{‹ξ,7†ό“μ–kό
23071,’†‰„,‘εδ’¬ό
23062,O‘ι‘δ,δ‚Μ“ό
23023,Vδ–ςt‘O,Vhό
23018,V¬•½,•‘ –μό
23011,–k–μ,‹‰¤ό
22856,‘½–€μ,“‰΅ό
22679,‹“c,Ι¨θό
22538,γ–μ–Ρ,‘εδ’¬ό
22518,–LF,“‹—ΥCVπ’Κ—ΥCό
22402,’†_,Β”~ό
22335,•l’¬,10†όVhό
22260,—ϋ”nt“ϊ’¬,12†ό‘ε]Λό
22186,O‰Ν“‡,ν”Φό
22019,–xΨ—‰€,–{ό
21912,—§μ–k,‘½–€“ssƒ‚ƒmƒ[ƒ‹ό
21800,σ‘,ν”ΦVό
21786,Λ‰z,1†όσ‘ό
21663,κ‹΄w‰€,‘½–€Ξό
21554,–{‹½O’–Ϊ,12†ό‘ε]Λό
21415,‘εX’¬,–{ό
21412,γδ‘,Vhό
21346,ξι,‘–Ν΄ό
21342,“•{’†,‹‰¤ό
21220,‘΄,‰΅•lό
20916,‘Ϋ“W¦κ³–ε,“‹—ΥCVπ’Κ—ΥCό
20720,’J•Ϋ,“μ•ό
20706,Ό‘—§,“μ•ό
20655,’¬‰®,–{ό
20641,ΐ‘ά,Vhό
20635,Λ‰z‹βΐ,’rγό
20596,’†–μV‹΄,4†όΫƒm“ΰό•ςό
20596,‹–φ’¬,12†ό‘ε]Λό
20556,Ό•{,“μ•ό
20527,‘γX–Ψ””¦,¬“c΄ό
20487,‘½–€‹«,‘–Ν΄ό
20174,δ‰¬,Vhό
20142,–ξ–μϋ,“μ•ό
20123,‘γ“c‹΄,‹‰¤ό
20059,‰L‚Μ–Ψ,“‹}‘½–€μό
19985,’Ε–Ό’¬,’r‘άό
19836,“V‹σ‹΄,‹σ`ό
19566,@,6†όO“cό
19481,’†–μ•xm©’¬,4†όΫƒm“ΰό•ςό
19316,—¬’ΚƒZƒ“ƒ^[,“‹ƒ‚ƒmƒ[ƒ‹‰H“cό
19277,“‚–Ψ“c,‘½–€ό
19111,–{αΘ‹΄,1†όσ‘ό
19107,“ό“‡,Ι¨θό
19096,—§‰ομ,–{ό
18962,‹¬‰gM,‰γό
18958,“s—§‰Ζ­,Vhό
18917,τ‘«’r,’rγό
18889,‰Ί‚δΛ,Ά“c’Jό
18751,“Ό΄,δ‚Μ“ό
18698,ηξ‰Χ,‹σ`ό
18381,Gi‚’J,13†ό•›“sSό
18377,Ό‰i•,δ‚Μ“ό
18342,‘½–€ƒZƒ“ƒ^[,‘½–€“ssƒ‚ƒmƒ[ƒ‹ό
18196,–k”‰¤q,”‚ό
18193,”’‹ΰ‘δ,7†ό“μ–kό
18153,Δθ,‹‰¤ό
18151,‹¬¬β,–{ό
18084,”φ‹v,“–kό
17804,‚ί‚¶‚λ‘δ,‚”φό
17686,‹‰¤‘½–€μ,‘–Ν΄ό
17496,Ό’²•z,‹‰¤ό
17367,’†‰›‘εwE–Ύ―‘εw,‘½–€“ssƒ‚ƒmƒ[ƒ‹ό
17294,ξ‰Χ’¬,3†ό‹βΐό
17197,‚Ζ‚¤‚«‚ε‚¤ƒXƒJƒCƒcƒ[,
17171,‚έ‚Έ‚Ω‘δ,
17178,‰`΄’¬,‘εδ’¬ό
16944,‚¨‘δκC•lφ‰€,“‹—ΥCVπ’Κ—ΥCό
16867,V”nκ,–{ό
16629,•z“c,‹‰¤ό
16551,‰ΊΤ’Λ,“γ–{ό
16543,Ό•–φ‘ς,Vhό
16516,‹v‚΄,’rγό
16152,–ξμ,“μ•ό
16130,η’Ή’¬,’rγό
16044,‰Ί”Β‹΄,“γ–{ό
15944,’·΄,’rγό
15934,aς‘½–€μ,¬“c΄ό
15884,—§μ“μ,‘½–€“ssƒ‚ƒmƒ[ƒ‹ό
15879,”~‰®•~,–{ό
15859,γ–k‘ς,‹‰¤ό
15823,Z‹½“yθ,–{ό
15737,lƒc–Ψ,‰γό
15546,Q‹{‹΄,¬“c΄ό
15385,ηZ‘ε‹΄,–{ό
15370,Ξμ‘δ,’rγό
15280,γ’†—Ά,“–kό
14903,τ‘«,–Ϊ•ό
14841,‹_yβ,12†ό‘ε]Λό
14822,‚—Φ‘δ,1†όσ‘ό
14642,‘εXCέ,–{ό
14632,ξι’·ΐ,“μ•ό
14587,°‰Τφ‰€,‹‰¤ό
14491,χ‘δ,’r‘άό
14444,Hμ,ά“ϊsό
14268,Λ‰zφ‰€,‘εδ’¬ό
14210,“’†_,Β”~ό
14198,‰‘ς,–Ϊ•ό
14170,‘εt‘O,‘εtό
14090,“μ‘½–€,“μ•ό
14050,•xm©ƒ–‹u,δ‚Μ“ό
13977,–L“‡‰€,–L“‡ό
13903,‘½–,‘½–€μό
13773,‚”¦•s“®,‘½–€“ssƒ‚ƒmƒ[ƒ‹ό
13744,ƒeƒƒRƒ€ƒZƒ“ƒ^[,“‹—ΥCVπ’Κ—ΥCό
13733,‰`΄’†‰„,’rγό
13700,“‰_,‚θ‚ρ‚©‚Άό
13694,‹‰¤‚ζ‚έ‚¤‚θƒ‰ƒ“ƒh,‘–Ν΄ό
13530,Ό—§μ,Β”~ό
13470,Β”~,Β”~ό
13380,“Β”~,Β”~ό
13281,‹γ•i•§,‘εδ’¬ό
13114,χ“c–ε,8†ό—Ly’¬ό
13100,Βδ,ν”ΦVό
13013,©ΐ‘γe…φ‰€,“ϊ•ι—ΆEΙlό
12914,Ό‚“‡•½,6†όO“cό
12818,‘½–—μ‰€,‹‰¤ό
12716,ΰƒ–•£,Ι¨θό
12488,—φƒ–E,‘•›ό
12425,u–Ξ,7†ό“μ–kό
12414,‰Ί—‡,Vhό
11993,”L,‰γό
11954,‚Β‚­‚µ–μ,“c‰€“ssό
11942,‹Κμγ…,‘½–€“ssƒ‚ƒmƒ[ƒ‹ό
11897,•‘ »μ,”q“‡ό
11716,–L“‡‰€,12†ό‘ε]Λό
11701,ΌVδ‘εtΌ,“ϊ•ι—ΆEΙlό
11650,Ό•—§μ,”q“‡ό
11630,‚·‚Έ‚©‚―‘δ,“c‰€“ssό
11417,“V‹σ‹΄,“‹ƒ‚ƒmƒ[ƒ‹‰H“cό
11308,‚”φRϋ,‚”φό
11247,¬‘Ίδ,‹TΛό
11200,“μηZ,ν”ΦVό
11149,ΐ•”,“‹}‘½–€μό
10975,‘εδ‹£”nκ‘O,“‹ƒ‚ƒmƒ[ƒ‹‰H“cό
10867,Ό‰A_Π‘O,Ά“c’Jό
10821,LF,–{ό
10739,“μ•½,‹‰¤ό
10702,_ς,δ‚Μ“ό
10458,‰z’†“‡,‹—tό
10454,•Π‘q,‰΅•lό
10366,‘—§‹£‹Zκ,12†ό‘ε]Λό
10181,”‹R,”q“‡ό
10177,]–k,“ϊ•ι—ΆEΙlό
10100,—Ξ‚‹u,‘εδ’¬ό
10050,Δ–”,‹ΰ’¬ό
10050,γ’¬,Ά“c’Jό
10025,V‚“‡•½,6†όO“cό
10021,‰H“c‹σ`‘Ϋόƒrƒ‹,“‹ƒ‚ƒmƒ[ƒ‹‰H“cό
9902,–k’r‘ά,“γ–{ό
9892,’Jέ‰Ζ,“ϊ•ι—ΆEΙlό
9867,’rƒmγ,δ‚Μ“ό
9835,V‘γ“c,δ‚Μ“ό
9612,–k•iμ,–{ό
9598,“H—―,ά“ϊsό
9565,ξ‘ε‹΄,“ϊ•ι—ΆEΙlό
9532,F–μ‘O,“ϊ•ι—ΆEΙlό
9239,‰¤q‰w‘O,rμό
9228,Vχ‘δ,Ό•—Ly’¬ό
9045,¬—―,“‹—ΥCVπ’Κ—ΥCό
9008,‹•l,Β”~ό
8875,R‰Ί,Ά“c’Jό
8854,•‘ ά“ϊs,ά“ϊsό
8790,” ƒ–θ,”‚ό
8707,•½Rι¬φ‰€,‹‰¤ό
8672,α—Ρ,Ά“c’Jό
8656,Ά“c’J,Ά“c’Jό
8555,’¬‰®‰w‘O,rμό
8523,Όƒ–΄,7†ό“μ–kό
8436,@ΐ,’rγό
8421,‘εθL¬H,’rγό
8343,Ά“c’J‘γ“c,¬“c΄ό
8339,‰Ί_–Ύ,‘εδ’¬ό
8335,Β”~X“Ή,‘½–€Ξό
8173,Ιl,“ϊ•ι—ΆEΙlό
7990,‘ε’Λ‰w‘O,rμό
7940,“‚ ‚Έ‚ά,‹TΛό
7902,¥­,‘½–€μό
7849,‹·Τ,‚”φό
7823,•S‘‰€,‹‰¤ό
7529,•‘ ‘εa,‘½–€Ξό
7078,–kη‘©,‘εδ’¬ό
7060,γ–μ“®•¨‰€“‰€,γ–μ‚ό
7060,γ–μ“®•¨‰€Ό‰€,γ–μ‚ό
7042,δ‚Μ“φ‰€,δ‚Μ“ό
6729,“–k‘ς,¬“c΄ό
6602,‘½–€“®•¨φ‰€,“®•¨‰€ό
6598,•‘ ψ“c,ά“ϊsό
6530,γ–k‘δ,‘½–€“ssƒ‚ƒmƒ[ƒ‹ό
6372,¬‹{,”‚ό
6236,Ίa“‡,“‹ƒ‚ƒmƒ[ƒ‹‰H“cό
6038,”’…‘δ,‘½–€μό
5977,VO‰Ν“‡,–{ό
5964,”β,‘½–€Ξό
5862,‚–μ,“ϊ•ι—ΆEΙlό
5830,¬›,Ι¨θό
5800,]Λμ,–{ό
5782,—§”ς,‘½–€“ssƒ‚ƒmƒ[ƒ‹ό
5673,ΒC,“‹—ΥCVπ’Κ—ΥCό
5308,Ε‰Y‚Σ“,“‹—ΥCVπ’Κ—ΥCό
5303,R“c,‚”φό
5206,•‘ ‘Λ,ά“ϊsό
5061,—L–Ύ,“‹—ΥCVπ’Κ—ΥCό
5016,Τ“y¬wZ‘O,“ϊ•ι—ΆEΙlό
5006,’|Ε,“‹—ΥCVπ’Κ—ΥCό
4936,‹‰¤•Π‘q,‚”φό
4563,‹{‚Μβ,Ά“c’Jό
4544,VΔ–”,–k‘ό
4508,V®”υκ,“‹ƒ‚ƒmƒ[ƒ‹‰H“cό
4496,Ιlφ‰€,“ϊ•ι—ΆEΙlό
4406,–xΨ,Ι¨θό
4404,bBX“Ή,‘½–€“ssƒ‚ƒmƒ[ƒ‹ό
4211,’·ΐ,‹‰¤ό
4074,‹TΛ…_,‹TΛό
4034,–θ›,‘½–€“ssƒ‚ƒmƒ[ƒ‹ό
4024,“μVh,¬“c΄ό
3942,—L–ΎƒeƒjƒX‚ΜX,“‹—ΥCVπ’Κ—ΥCό
3938,‘«—§¬‘δ,“ϊ•ι—ΆEΙlό
3924,V–LF,“‹—ΥCVπ’Κ—ΥCό
3923,F–μ‘O,rμό
3884,‚Ό,‘½–€“ssƒ‚ƒmƒ[ƒ‹ό
3863,‘ε’ΛE’ι‹‘εw,‘½–€“ssƒ‚ƒmƒ[ƒ‹ό
3780,V¬‹ΰδ,‘½–€μό
3764,΄‘κ,‚”φ|υό
3764,‚”φR,‚”φ|υό
3743,“’r‘άl’–Ϊ,rμό
3707,Ό•‰€,Ό•‰€ό
3590,‘D‚Μ‰ΘwΩ,“‹—ΥCVπ’Κ—ΥCό
3586,χX“Ή,‘½–€“ssƒ‚ƒmƒ[ƒ‹ό
3550,Ό΄,Ά“c’Jό
3350,rμΤΙ‘O,rμό
3315,ς‘ΜηΩ,‘½–€“ssƒ‚ƒmƒ[ƒ‹ό
3266,Oƒm—Φ‹΄,rμό
3186,¬‘δ,rμό
3179,‘ξ“c,rμό
3175,•{’†‹£”n³–ε‘O,‹£”nκό
3101,‹{ƒm‘O,rμό
2785,‹£’ψκ‘O,‘½–€μό
2649,VM\’Λ,rμό
2634,Ό•—V‰€’n,‘½–€Ξό
2628,΄,rμό
2583,sκ‘O,“‹—ΥCVπ’Κ—ΥCό
2564,‹Sq•κ_‘O,rμό
2515,Όƒ–΄l’–Ϊ,rμό
2472,®”υκ,“‹ƒ‚ƒmƒ[ƒ‹‰H“cό
2450,M\’Λ,rμό
2383,»μµ”Τ,‘½–€“ssƒ‚ƒmƒ[ƒ‹ό
2282,“ϊ‚Μo,“‹—ΥCVπ’Κ—ΥCό
2207,rμ—V‰€’n‘O,rμό
2200,Δθ‘ΜηΩ,‘½–€“ssƒ‚ƒmƒ[ƒ‹ό
1858,‰‘½–€,Β”~ό
1716,wK‰@‰Ί,rμό
1689,rμ‹ζ–π‘O,rμό
1610,‘κ–μμκ’–Ϊ,rμό
1563,“”φ‹vO’–Ϊ,rμό
1460,ό΄,rμό
1243,‘½–€“®•¨φ‰€,‘½–€“ssƒ‚ƒmƒ[ƒ‹ό
1208,Ό‚’J,‘½–€“ssƒ‚ƒmƒ[ƒ‹ό
1180,‘ƒ›V“c,rμό
1067,“s“dGiƒ–’J,rμό
993,”ς’ΉR,rμό
846,’φ‹v•Ϋ,‘½–€“ssƒ‚ƒmƒ[ƒ‹ό
845,rμ“ρ’–Ϊ,rμό
837,Ό‘Ύq“°,Ά“c’Jό
822,–Κ‰e‹΄,rμό
789,‰h’¬,rμό
775,’¬‰®“ρ’–Ϊ,rμό
746,‘κ–{,ƒP[ƒuƒ‹ƒJ[
713,δxR,ƒP[ƒuƒ‹ƒJ[
699,rμκ’†‘O,rμό
473,rμµ’–Ϊ,rμό